<?xml version="1.0"?>
<pagescount>
	<html_total>10</html_total>
	<html_done>2</html_done>
	<img>134</img>
	<js>28</js>
	<css>8</css>
	<pdf/>
	<doc/>
	<xls/>
	<ppt/>
	<swf/>
	<mp3/>
	<mp4/>
	<wav/>
	<xml/>
	<json/>
	<txt/>
	<fonts>27</fonts>
	<scraping_reload>1</scraping_reload>
	<is_pretty_url>false</is_pretty_url>
	<is_ebn>false</is_ebn>
	<theme_name>195421</theme_name>
	<server_url_front_page>https://www6.waybackmachinedownloader.com/wdo/files/demo/spab-rice.com_filisgeorg_gmail.com_iqpqhmxgxhg/</server_url_front_page>
	<no_www_url>spab-rice.com</no_www_url>
	<hosted_domain/>
	<original_archive_url>http://www.spab-rice.com/wordpress/kona/</original_archive_url>
	<final_archive_url>http://www.spab-rice.com/wordpress/kona/</final_archive_url>
	<front_page_code_date/>
	<total_urls_from_api/>
	<search_url_added>false</search_url_added>
	<total_size>18524</total_size>
</pagescount>
