<?xml version="1.0"?>
<pagescount>
	<html_total>10</html_total>
	<html_done>1</html_done>
	<img>99</img>
	<js>33</js>
	<css>22</css>
	<pdf/>
	<doc/>
	<xls/>
	<ppt/>
	<swf/>
	<mp3/>
	<mp4/>
	<wav/>
	<xml/>
	<json/>
	<txt/>
	<fonts>26</fonts>
	<scraping_reload>1</scraping_reload>
	<is_pretty_url>false</is_pretty_url>
	<is_ebn>false</is_ebn>
	<theme_name>195423</theme_name>
	<server_url_front_page>https://www6.waybackmachinedownloader.com/wdo/files/demo/spab-rice.com_filisgeorg_gmail.com_0cyjbyt4mty/</server_url_front_page>
	<no_www_url>spab-rice.com</no_www_url>
	<hosted_domain/>
	<original_archive_url>http://spab-rice.com/wordpress/kona/demo/home-stylish/?header=logo-menu-left</original_archive_url>
	<final_archive_url>http://spab-rice.com/wordpress/kona/demo/home-stylish/?header=logo-menu-left</final_archive_url>
	<front_page_code_date/>
	<total_urls_from_api/>
	<search_url_added>false</search_url_added>
	<total_size>10532</total_size>
</pagescount>
