<?xml version="1.0"?>
<pagescount>
	<html_total>10</html_total>
	<html_done>2</html_done>
	<img>123</img>
	<js>12</js>
	<css>7</css>
	<pdf/>
	<doc/>
	<xls/>
	<ppt/>
	<swf/>
	<mp3/>
	<mp4/>
	<wav/>
	<xml/>
	<json/>
	<txt/>
	<fonts>39</fonts>
	<scraping_reload>1</scraping_reload>
	<is_pretty_url>false</is_pretty_url>
	<is_ebn>false</is_ebn>
	<theme_name>195006</theme_name>
	<server_url_front_page>https://www6.waybackmachinedownloader.com/wdo/files/demo/preview.nanoagency.co_filisgeorg_gmail.com_mevpsaqku20/</server_url_front_page>
	<no_www_url>preview.nanoagency.co</no_www_url>
	<hosted_domain/>
	<original_archive_url>http://preview.nanoagency.co/oiran/</original_archive_url>
	<final_archive_url>http://preview.nanoagency.co/oiran/</final_archive_url>
	<front_page_code_date/>
	<total_urls_from_api/>
	<search_url_added>false</search_url_added>
	<total_size>13956</total_size>
</pagescount>
