<?xml version="1.0"?>
<pagescount>
	<html_total>10</html_total>
	<html_done>3</html_done>
	<img>66</img>
	<js>15</js>
	<css>8</css>
	<pdf/>
	<doc/>
	<xls/>
	<ppt/>
	<swf/>
	<mp3/>
	<mp4/>
	<wav/>
	<xml/>
	<json/>
	<txt/>
	<fonts>101</fonts>
	<scraping_reload>1</scraping_reload>
	<is_pretty_url>false</is_pretty_url>
	<is_ebn>false</is_ebn>
	<theme_name>194377</theme_name>
	<server_url_front_page>https://www6.waybackmachinedownloader.com/wdo/files/demo/wilmer.mikado-themes.com_filisgeorg_gmail.com_s4hkg586ame/</server_url_front_page>
	<no_www_url>wilmer.mikado-themes.com</no_www_url>
	<hosted_domain/>
	<original_archive_url>https://wilmer.mikado-themes.com/swipe-slider/</original_archive_url>
	<final_archive_url>https://wilmer.mikado-themes.com/swipe-slider/</final_archive_url>
	<front_page_code_date/>
	<total_urls_from_api/>
	<search_url_added>false</search_url_added>
	<total_size>10848</total_size>
</pagescount>
